{"cameraMode":{"drawMode":0,"name":"Shaded","section":"Shading Mode"},"sceneLighting":true,"audioPlay":false,"sceneViewState":{"showFog":true,"showMaterialUpdate":false,"showSkybox":true,"showFlares":true,"showImageEffects":true,"showParticleSystems":true},"in2DMode":false,"pivot":{"x":-0.4809298515319824,"y":0.11163163185119629,"z":-1.8328526020050049},"rotation":{"x":0.10174164921045304,"y":-0.897769570350647,"z":0.31839221715927126,"w":0.2868787944316864},"size":2.5121519565582277,"orthographic":false}